{"cameraMode":{"drawMode":0,"name":"Shaded","section":"Shading Mode"},"sceneLighting":true,"audioPlay":false,"sceneViewState":{"showFog":true,"showMaterialUpdate":true,"showSkybox":true,"showFlares":true,"showImageEffects":true,"showParticleSystems":true},"in2DMode":false,"pivot":{"x":-87.54891204833985,"y":-147.40052795410157,"z":-55.653541564941409},"rotation":{"x":-0.2481476068496704,"y":0.7473923563957214,"z":-0.3863108158111572,"w":-0.4803239405155182},"size":204.91868591308595,"orthographic":false}