{"cameraMode":{"drawMode":0,"name":"Shaded","section":"Shading Mode"},"sceneLighting":true,"audioPlay":false,"sceneViewState":{"showFog":true,"showMaterialUpdate":true,"showSkybox":true,"showFlares":true,"showImageEffects":true,"showParticleSystems":true},"in2DMode":false,"pivot":{"x":40.99148178100586,"y":10.48027229309082,"z":-0.7286098003387451},"rotation":{"x":0.12613993883132935,"y":0.8688022494316101,"z":-0.28454920649528506,"w":0.3851928412914276},"size":0.5004454851150513,"orthographic":false}