{"cameraMode":{"drawMode":0,"name":"Shaded","section":"Shading Mode"},"sceneLighting":true,"audioPlay":false,"sceneViewState":{"showFog":true,"showMaterialUpdate":true,"showSkybox":true,"showFlares":true,"showImageEffects":true,"showParticleSystems":true},"in2DMode":false,"pivot":{"x":40.44233703613281,"y":-7.173123359680176,"z":3.807209014892578},"rotation":{"x":0.5954961776733398,"y":0.04449848830699921,"z":-0.03309231624007225,"w":0.8014851212501526},"size":307.40692138671877,"orthographic":false}